din_instante,val_geracao,val_geracaoreferencia,val_disponibilidade,val_geracaolimitada,cod_razaorestricao,cod_origemrestricao,potencia_mw,gap_mw,is_restrito,corte_mw
2024-12-20 00:00:00,56.88,0.0,36.0,,,,,-56.88,False,0.0
2024-12-20 00:30:00,66.802,0.0,36.0,,,,,-66.802,False,0.0
2024-12-20 01:00:00,58.329,0.0,36.0,,,,,-58.329,False,0.0
2024-12-20 01:30:00,51.157,0.0,36.0,,,,,-51.157,False,0.0
2024-12-20 02:00:00,51.157,0.0,36.0,,,,,-51.157,False,0.0
2024-12-20 02:30:00,51.157,0.0,36.0,,,,,-51.157,False,0.0
2024-12-20 03:00:00,24.697,0.0,36.0,,,,,-24.697,False,0.0
2024-12-20 03:30:00,0.0,0.0,7.441,,,,,0.0,False,0.0
2024-12-20 04:00:00,0.0,0.0,5.795,,,,,0.0,False,0.0
2024-12-20 04:30:00,0.0,0.0,5.764,,,,,0.0,False,0.0
2024-12-20 05:00:00,0.0,0.0,5.764,,,,,0.0,False,0.0
2024-12-20 05:30:00,0.0,0.0,5.764,,,,,0.0,False,0.0
2024-12-20 06:00:00,0.0,0.0,5.764,,,,,0.0,False,0.0
2024-12-20 06:30:00,0.0,0.0,5.881,0.0,ENE,SIS,,0.0,True,0.0
2024-12-20 07:00:00,2.81,0.0,9.483,0.0,ENE,SIS,,-2.81,True,0.0
2024-12-20 07:30:00,0.664,0.0,7.755,0.0,ENE,SIS,,-0.664,True,0.0
2024-12-20 08:00:00,0.0,0.0,5.843,0.0,ENE,SIS,,0.0,True,0.0
2024-12-20 08:30:00,0.0,0.0,5.787,0.0,ENE,SIS,,0.0,True,0.0
2024-12-20 09:00:00,0.0,0.0,6.093,0.0,ENE,SIS,,0.0,True,0.0
2024-12-20 09:30:00,1.555,0.0,6.255,0.0,ENE,SIS,,-1.555,True,0.0
2024-12-20 10:00:00,1.917,0.0,5.983,0.0,ENE,SIS,,-1.917,True,0.0
2024-12-20 10:30:00,12.462,0.0,14.871,14.667,ENE,SIS,,-12.462,True,0.0
2024-12-20 11:00:00,19.843,0.0,20.602,20.067,ENE,SIS,,-19.843,True,0.0
2024-12-20 11:30:00,24.232,0.0,24.226,25.9,ENE,SIS,,-24.232,True,0.0
2024-12-20 12:00:00,30.771,0.0,30.699,33.2,ENE,SIS,,-30.771,True,0.0
2024-12-20 12:30:00,32.759,0.0,32.794,40.767,ENE,SIS,,-32.759,True,0.0
2024-12-20 13:00:00,40.28,0.0,38.975,65.067,ENE,SIS,,-40.28,True,0.0
2024-12-20 13:30:00,41.897,0.0,42.016,29.2,ENE,SIS,,-41.897,True,0.0
2024-12-20 14:00:00,46.848,0.0,44.65,,,,,-46.848,False,0.0
2024-12-20 14:30:00,4.208,0.0,9.815,,,,,-4.208,False,0.0
2024-12-20 15:00:00,0.0,0.0,7.731,,,,,0.0,False,0.0
2024-12-20 15:30:00,0.0,0.0,1.808,,,,,0.0,False,0.0
2024-12-20 16:00:00,0.0,0.0,0.253,,,,,0.0,False,0.0
2024-12-20 16:30:00,0.0,0.0,0.253,,,,,0.0,False,0.0
2024-12-20 17:00:00,0.0,0.0,0.253,,,,,0.0,False,0.0
2024-12-20 17:30:00,0.0,0.0,0.253,,,,,0.0,False,0.0
2024-12-20 18:00:00,0.0,0.0,0.253,,,,,0.0,False,0.0
2024-12-20 18:30:00,0.0,0.0,0.253,,,,,0.0,False,0.0
2024-12-20 19:00:00,0.0,0.0,0.253,,,,,0.0,False,0.0
2024-12-20 19:30:00,0.0,0.0,0.253,,,,,0.0,False,0.0
2024-12-20 20:00:00,0.0,0.0,0.253,,,,,0.0,False,0.0
2024-12-20 20:30:00,0.0,0.0,0.253,,,,,0.0,False,0.0
2024-12-20 21:00:00,0.0,0.0,0.253,,,,,0.0,False,0.0
2024-12-20 21:30:00,0.0,0.0,0.253,,,,,0.0,False,0.0
2024-12-20 22:00:00,0.0,0.0,0.598,,,,,0.0,False,0.0
2024-12-20 22:30:00,16.309,0.0,17.348,,,,,-16.309,False,0.0
2024-12-20 23:00:00,23.176,0.0,23.892,,,,,-23.176,False,0.0
2024-12-20 23:30:00,22.331,0.0,23.049,,,,,-22.331,False,0.0
2024-12-21 00:00:00,20.98,0.0,21.678,,,,,-20.98,False,0.0
2024-12-21 00:30:00,17.064,0.0,17.669,,,,,-17.064,False,0.0
2024-12-21 01:00:00,18.284,0.0,18.858,,,,,-18.284,False,0.0
2024-12-21 01:30:00,16.495,0.0,17.114,,,,,-16.495,False,0.0
2024-12-21 02:00:00,13.953,0.0,14.472,,,,,-13.953,False,0.0
2024-12-21 02:30:00,13.532,0.0,14.104,,,,,-13.532,False,0.0
2024-12-21 03:00:00,10.165,0.0,10.96,,,,,-10.165,False,0.0
2024-12-21 03:30:00,12.588,0.0,13.184,,,,,-12.588,False,0.0
2024-12-21 04:00:00,9.522,0.0,10.439,,,,,-9.522,False,0.0
2024-12-21 04:30:00,10.718,0.0,11.289,,,,,-10.718,False,0.0
2024-12-21 05:00:00,11.66,0.0,12.452,,,,,-11.66,False,0.0
2024-12-21 05:30:00,8.308,0.0,9.679,0.467,ENE,SIS,,-8.308,True,0.0
2024-12-21 06:00:00,6.123,0.0,7.513,7.0,ENE,SIS,,-6.123,True,0.0
2024-12-21 06:30:00,6.168,0.0,7.517,7.0,ENE,SIS,,-6.168,True,0.0
2024-12-21 07:00:00,6.121,0.0,7.485,7.0,ENE,SIS,,-6.121,True,0.0
2024-12-21 07:30:00,6.192,0.0,7.424,7.0,ENE,SIS,,-6.192,True,0.0
2024-12-21 08:00:00,6.064,0.0,7.53,7.0,ENE,SIS,,-6.064,True,0.0
2024-12-21 08:30:00,6.076,0.0,5.727,7.0,ENE,SIS,,-6.076,True,0.0
2024-12-21 09:00:00,6.962,0.0,5.501,7.0,ENE,SIS,,-6.962,True,0.0
2024-12-21 09:30:00,7.052,0.0,7.737,7.0,ENE,SIS,,-7.052,True,0.0
2024-12-21 10:00:00,7.021,0.0,6.115,7.0,ENE,SIS,,-7.021,True,0.0
2024-12-21 10:30:00,7.065,0.0,7.951,7.0,ENE,SIS,,-7.065,True,0.0
2024-12-21 11:00:00,6.864,0.0,7.883,7.0,ENE,SIS,,-6.864,True,0.0
2024-12-21 11:30:00,6.671,0.0,7.453,7.0,ENE,SIS,,-6.671,True,0.0
2024-12-21 12:00:00,6.095,0.0,7.547,7.0,ENE,SIS,,-6.095,True,0.0
2024-12-21 12:30:00,5.822,0.0,7.506,7.0,ENE,SIS,,-5.822,True,0.0
2024-12-21 13:00:00,5.758,0.0,7.501,7.0,ENE,SIS,,-5.758,True,0.0
2024-12-21 13:30:00,7.082,0.0,8.416,9.4,ENE,SIS,,-7.082,True,0.0
2024-12-21 14:00:00,25.585,0.0,26.346,28.867,ENE,SIS,,-25.585,True,0.0
2024-12-21 14:30:00,36.664,0.0,36.0,42.667,ENE,SIS,,-36.664,True,0.0
2024-12-21 15:00:00,33.178,0.0,36.0,,,,,-33.178,False,0.0
2024-12-21 15:30:00,36.123,0.0,36.0,,,,,-36.123,False,0.0
2024-12-21 16:00:00,39.142,0.0,36.0,,,,,-39.142,False,0.0
2024-12-21 16:30:00,40.267,0.0,36.0,,,,,-40.267,False,0.0
2024-12-21 17:00:00,44.517,0.0,36.0,,,,,-44.517,False,0.0
2024-12-21 17:30:00,49.27,0.0,36.0,,,,,-49.27,False,0.0
2024-12-21 18:00:00,49.99,0.0,36.0,,,,,-49.99,False,0.0
2024-12-21 18:30:00,56.57,0.0,36.0,,,,,-56.57,False,0.0
2024-12-21 19:00:00,58.684,0.0,36.0,,,,,-58.684,False,0.0
2024-12-21 19:30:00,63.587,0.0,36.0,,,,,-63.587,False,0.0
2024-12-21 20:00:00,64.08,0.0,36.0,,,,,-64.08,False,0.0
2024-12-21 20:30:00,65.175,0.0,36.0,,,,,-65.175,False,0.0
2024-12-21 21:00:00,66.156,0.0,36.0,,,,,-66.156,False,0.0
2024-12-21 21:30:00,65.625,0.0,36.0,,,,,-65.625,False,0.0
2024-12-21 22:00:00,65.024,0.0,36.0,,,,,-65.024,False,0.0
2024-12-21 22:30:00,64.684,0.0,36.0,,,,,-64.684,False,0.0
2024-12-21 23:00:00,61.539,0.0,36.0,,,,,-61.539,False,0.0
2024-12-21 23:30:00,57.549,0.0,36.0,,,,,-57.549,False,0.0
2024-12-22 00:00:00,57.36,0.0,58.917,,,,,-57.36,False,0.0
2024-12-22 00:30:00,50.992,0.0,52.423,,,,,-50.992,False,0.0
2024-12-22 01:00:00,43.46,0.0,44.758,,,,,-43.46,False,0.0
2024-12-22 01:30:00,40.705,0.0,42.997,,,,,-40.705,False,0.0
2024-12-22 02:00:00,37.56,0.0,40.065,,,,,-37.56,False,0.0
2024-12-22 02:30:00,35.968,0.0,38.72,,,,,-35.968,False,0.0
2024-12-22 03:00:00,35.001,0.0,38.012,,,,,-35.001,False,0.0
2024-12-22 03:30:00,31.293,0.0,34.333,,,,,-31.293,False,0.0
2024-12-22 04:00:00,31.963,0.0,35.11,,,,,-31.963,False,0.0
2024-12-22 04:30:00,36.317,0.0,39.269,,,,,-36.317,False,0.0
2024-12-22 05:00:00,31.985,0.0,34.639,2.9,ENE,SIS,,-31.985,True,0.0
2024-12-22 05:30:00,26.68,0.0,29.715,28.667,ENE,SIS,,-26.68,True,0.0
2024-12-22 06:00:00,22.692,0.0,25.845,23.333,ENE,SIS,,-22.692,True,0.0
2024-12-22 06:30:00,21.929,0.0,24.918,22.0,ENE,SIS,,-21.929,True,0.0
2024-12-22 07:00:00,21.912,0.0,23.586,22.0,ENE,SIS,,-21.912,True,0.0
2024-12-22 07:30:00,21.872,0.0,23.475,22.0,ENE,SIS,,-21.872,True,0.0
2024-12-22 08:00:00,21.853,0.0,23.097,22.0,ENE,SIS,,-21.853,True,0.0
2024-12-22 08:30:00,21.895,0.0,23.085,22.0,ENE,SIS,,-21.895,True,0.0
2024-12-22 09:00:00,21.881,0.0,23.255,22.0,ENE,SIS,,-21.881,True,0.0
2024-12-22 09:30:00,21.907,0.0,23.218,22.0,ENE,SIS,,-21.907,True,0.0
2024-12-22 10:00:00,21.857,0.0,23.128,22.0,ENE,SIS,,-21.857,True,0.0
2024-12-22 10:30:00,21.862,0.0,23.593,22.0,ENE,SIS,,-21.862,True,0.0
2024-12-22 11:00:00,21.881,0.0,24.192,22.0,ENE,SIS,,-21.881,True,0.0
2024-12-22 11:30:00,21.859,0.0,24.397,22.0,ENE,SIS,,-21.859,True,0.0
2024-12-22 12:00:00,21.865,0.0,24.06,22.0,ENE,SIS,,-21.865,True,0.0
2024-12-22 12:30:00,21.848,0.0,23.742,22.0,ENE,SIS,,-21.848,True,0.0
2024-12-22 13:00:00,21.879,0.0,23.359,22.0,ENE,SIS,,-21.879,True,0.0
2024-12-22 13:30:00,21.838,0.0,23.804,22.0,ENE,SIS,,-21.838,True,0.0
2024-12-22 14:00:00,21.674,0.0,24.396,22.0,ENE,SIS,,-21.674,True,0.0
2024-12-22 14:30:00,21.838,0.0,24.197,22.0,ENE,SIS,,-21.838,True,0.0
2024-12-22 15:00:00,23.812,0.0,25.837,25.667,ENE,SIS,,-23.812,True,0.0
2024-12-22 15:30:00,31.945,0.0,32.969,32.1,ENE,SIS,,-31.945,True,0.0
2024-12-22 16:00:00,39.647,0.0,41.342,40.267,ENE,SIS,,-39.647,True,0.0
2024-12-22 16:30:00,51.936,0.0,52.955,59.633,ENE,SIS,,-51.936,True,0.0
2024-12-22 17:00:00,54.721,0.0,55.865,62.767,ENE,SIS,,-54.721,True,0.0
2024-12-22 17:30:00,58.439,0.0,59.619,,,,,-58.439,False,0.0
2024-12-22 18:00:00,57.76,0.0,58.943,,,,,-57.76,False,0.0
2024-12-22 18:30:00,57.743,0.0,58.874,,,,,-57.743,False,0.0
2024-12-22 19:00:00,57.242,0.0,58.415,,,,,-57.242,False,0.0
2024-12-22 19:30:00,61.973,0.0,63.22,,,,,-61.973,False,0.0
2024-12-22 20:00:00,64.148,0.0,65.542,,,,,-64.148,False,0.0
2024-12-22 20:30:00,67.376,0.0,68.766,,,,,-67.376,False,0.0
2024-12-22 21:00:00,68.3,0.0,69.909,,,,,-68.3,False,0.0
2024-12-22 21:30:00,67.908,0.0,69.407,,,,,-67.908,False,0.0
2024-12-22 22:00:00,66.468,0.0,67.934,,,,,-66.468,False,0.0
2024-12-22 22:30:00,68.877,0.0,70.437,,,,,-68.877,False,0.0
2024-12-22 23:00:00,70.734,0.0,72.312,,,,,-70.734,False,0.0
2024-12-22 23:30:00,73.796,0.0,75.499,,,,,-73.796,False,0.0
2024-12-23 00:00:00,72.316,0.0,73.905,,,,,-72.316,False,0.0
2024-12-23 00:30:00,70.494,0.0,72.067,,,,,-70.494,False,0.0
2024-12-23 01:00:00,70.573,0.0,72.106,,,,,-70.573,False,0.0
2024-12-23 01:30:00,63.533,0.0,64.881,,,,,-63.533,False,0.0
2024-12-23 02:00:00,56.07,0.0,57.26,,,,,-56.07,False,0.0
2024-12-23 02:30:00,44.944,0.0,45.892,,,,,-44.944,False,0.0
2024-12-23 03:00:00,42.812,0.0,43.756,,,,,-42.812,False,0.0
2024-12-23 03:30:00,35.696,0.0,36.646,,,,,-35.696,False,0.0
2024-12-23 04:00:00,19.153,0.0,19.822,,,,,-19.153,False,0.0
2024-12-23 04:30:00,24.417,0.0,25.141,,,,,-24.417,False,0.0
2024-12-23 05:00:00,22.418,0.0,23.112,,,,,-22.418,False,0.0
2024-12-23 05:30:00,26.638,0.0,27.4,,,,,-26.638,False,0.0
2024-12-23 06:00:00,22.445,0.0,22.903,,,,,-22.445,False,0.0
2024-12-23 06:30:00,27.358,0.0,27.929,10.8,ENE,SIS,,-27.358,True,0.0
2024-12-23 07:00:00,26.911,0.0,27.459,27.0,ENE,SIS,,-26.911,True,0.0
2024-12-23 07:30:00,26.905,0.0,27.384,27.0,ENE,SIS,,-26.905,True,0.0
2024-12-23 08:00:00,26.921,0.0,27.375,27.0,ENE,SIS,,-26.921,True,0.0
2024-12-23 08:30:00,26.881,0.0,27.381,27.0,ENE,SIS,,-26.881,True,0.0
2024-12-23 09:00:00,26.901,0.0,27.352,27.0,ENE,SIS,,-26.901,True,0.0
2024-12-23 09:30:00,26.914,0.0,27.396,27.0,ENE,SIS,,-26.914,True,0.0
2024-12-23 10:00:00,10.845,0.0,12.184,14.4,ENE,SIS,,-10.845,True,0.0
2024-12-23 10:30:00,0.0,0.0,0.001,,,,,0.0,False,0.0
2024-12-23 11:00:00,0.0,0.0,0.001,,,,,0.0,False,0.0
2024-12-23 11:30:00,0.0,0.0,0.001,,,,,0.0,False,0.0
2024-12-23 12:00:00,0.0,0.0,0.001,,,,,0.0,False,0.0
2024-12-23 12:30:00,0.0,0.0,0.001,,,,,0.0,False,0.0
2024-12-23 13:00:00,0.0,0.0,0.001,,,,,0.0,False,0.0
2024-12-23 13:30:00,0.0,0.0,0.001,,,,,0.0,False,0.0
2024-12-23 14:00:00,0.0,0.0,0.001,,,,,0.0,False,0.0
2024-12-23 14:30:00,0.0,0.0,0.001,,,,,0.0,False,0.0
2024-12-23 15:00:00,0.0,0.0,0.001,,,,,0.0,False,0.0
2024-12-23 15:30:00,0.0,0.0,0.001,,,,,0.0,False,0.0
2024-12-23 16:00:00,0.0,0.0,0.001,,,,,0.0,False,0.0
2024-12-23 16:30:00,3.511,0.0,5.143,,,,,-3.511,False,0.0
2024-12-23 17:00:00,21.901,0.0,23.416,,,,,-21.901,False,0.0
2024-12-23 17:30:00,36.516,0.0,36.258,,,,,-36.516,False,0.0
2024-12-23 18:00:00,47.571,0.0,49.126,,,,,-47.571,False,0.0
2024-12-23 18:30:00,48.668,0.0,50.378,,,,,-48.668,False,0.0
2024-12-23 19:00:00,59.225,0.0,61.096,,,,,-59.225,False,0.0
2024-12-23 19:30:00,60.025,0.0,61.835,,,,,-60.025,False,0.0
2024-12-23 20:00:00,61.808,0.0,63.673,,,,,-61.808,False,0.0
2024-12-23 20:30:00,61.388,0.0,63.125,,,,,-61.388,False,0.0
2024-12-23 21:00:00,62.359,0.0,64.196,,,,,-62.359,False,0.0
2024-12-23 21:30:00,61.857,0.0,63.727,,,,,-61.857,False,0.0
2024-12-23 22:00:00,61.43,0.0,63.205,,,,,-61.43,False,0.0
2024-12-23 22:30:00,59.353,0.0,61.143,,,,,-59.353,False,0.0
2024-12-23 23:00:00,56.223,0.0,57.873,,,,,-56.223,False,0.0
2024-12-23 23:30:00,49.451,0.0,51.058,,,,,-49.451,False,0.0
2024-12-24 00:00:00,44.774,0.0,46.161,,,,,-44.774,False,0.0
2024-12-24 00:30:00,40.118,0.0,41.458,,,,,-40.118,False,0.0
2024-12-24 01:00:00,37.23,0.0,38.543,,,,,-37.23,False,0.0
2024-12-24 01:30:00,33.533,0.0,34.708,,,,,-33.533,False,0.0
2024-12-24 02:00:00,30.092,0.0,31.197,,,,,-30.092,False,0.0
2024-12-24 02:30:00,29.98,0.0,31.072,,,,,-29.98,False,0.0
2024-12-24 03:00:00,27.039,0.0,28.242,,,,,-27.039,False,0.0
2024-12-24 03:30:00,18.401,0.0,19.44,,,,,-18.401,False,0.0
2024-12-24 04:00:00,8.968,0.0,10.577,,,,,-8.968,False,0.0
2024-12-24 04:30:00,9.759,0.0,11.091,,,,,-9.759,False,0.0
2024-12-24 05:00:00,10.707,0.0,11.942,,,,,-10.707,False,0.0
2024-12-24 05:30:00,12.271,0.0,13.266,,,,,-12.271,False,0.0
2024-12-24 06:00:00,12.187,0.0,13.229,,,,,-12.187,False,0.0
2024-12-24 06:30:00,13.112,0.0,14.323,,,,,-13.112,False,0.0
2024-12-24 07:00:00,22.036,0.0,23.208,,,,,-22.036,False,0.0
2024-12-24 07:30:00,29.594,0.0,31.063,,,,,-29.594,False,0.0
2024-12-24 08:00:00,25.851,0.0,27.075,10.0,ENE,SIS,,-25.851,True,0.0
2024-12-24 08:30:00,19.855,0.0,20.768,20.0,ENE,SIS,,-19.855,True,0.0
2024-12-24 09:00:00,19.839,0.0,20.843,20.0,ENE,SIS,,-19.839,True,0.0
2024-12-24 09:30:00,19.863,0.0,20.968,20.0,ENE,SIS,,-19.863,True,0.0
2024-12-24 10:00:00,19.395,0.0,20.546,19.267,ENE,SIS,,-19.395,True,0.0
2024-12-24 10:30:00,18.837,0.0,20.015,19.0,ENE,SIS,,-18.837,True,0.0
2024-12-24 11:00:00,18.819,0.0,20.104,19.867,ENE,SIS,,-18.819,True,0.0
2024-12-24 11:30:00,18.841,0.0,20.07,20.0,ENE,SIS,,-18.841,True,0.0
2024-12-24 12:00:00,18.844,0.0,19.881,20.0,ENE,SIS,,-18.844,True,0.0
2024-12-24 12:30:00,22.072,0.0,23.249,22.8,ENE,SIS,,-22.072,True,0.0
2024-12-24 13:00:00,23.034,0.0,24.007,24.5,ENE,SIS,,-23.034,True,0.0
2024-12-24 13:30:00,18.611,0.0,19.66,26.4,ENE,SIS,,-18.611,True,0.0
2024-12-24 14:00:00,17.396,0.0,18.241,31.2,ENE,SIS,,-17.396,True,0.0
2024-12-24 14:30:00,10.939,0.0,11.819,34.333,ENE,SIS,,-10.939,True,0.0
2024-12-24 15:00:00,11.485,0.0,12.362,41.6,ENE,SIS,,-11.485,True,0.0
2024-12-24 15:30:00,12.496,0.0,13.32,48.0,ENE,SIS,,-12.496,True,0.0
2024-12-24 16:00:00,13.245,0.0,14.043,56.533,ENE,SIS,,-13.245,True,0.0
2024-12-24 16:30:00,17.894,0.0,18.524,66.1,ENE,SIS,,-17.894,True,0.0
2024-12-24 17:00:00,19.132,0.0,19.749,79.467,ENE,SIS,,-19.132,True,0.0
2024-12-24 17:30:00,23.177,0.0,23.84,,,,,-23.177,False,0.0
2024-12-24 18:00:00,30.411,0.0,31.286,,,,,-30.411,False,0.0
2024-12-24 18:30:00,38.148,0.0,39.314,,,,,-38.148,False,0.0
2024-12-24 19:00:00,41.765,0.0,42.917,,,,,-41.765,False,0.0
2024-12-24 19:30:00,49.813,0.0,51.256,,,,,-49.813,False,0.0
2024-12-24 20:00:00,52.321,0.0,53.612,,,,,-52.321,False,0.0
2024-12-24 20:30:00,49.848,0.0,51.011,,,,,-49.848,False,0.0
2024-12-24 21:00:00,51.015,0.0,52.279,,,,,-51.015,False,0.0
2024-12-24 21:30:00,47.947,0.0,49.258,,,,,-47.947,False,0.0
2024-12-24 22:00:00,48.169,0.0,49.461,,,,,-48.169,False,0.0
2024-12-24 22:30:00,48.602,0.0,49.874,,,,,-48.602,False,0.0
2024-12-24 23:00:00,46.6,0.0,47.813,,,,,-46.6,False,0.0
2024-12-24 23:30:00,47.428,0.0,48.595,,,,,-47.428,False,0.0
2024-12-25 00:00:00,45.964,0.0,47.141,,,,,-45.964,False,0.0
2024-12-25 00:30:00,42.993,0.0,44.118,,,,,-42.993,False,0.0
2024-12-25 01:00:00,42.055,0.0,43.095,,,,,-42.055,False,0.0
2024-12-25 01:30:00,34.182,0.0,35.062,,,,,-34.182,False,0.0
2024-12-25 02:00:00,30.853,0.0,31.682,,,,,-30.853,False,0.0
2024-12-25 02:30:00,28.577,0.0,29.362,,,,,-28.577,False,0.0
2024-12-25 03:00:00,29.555,0.0,30.378,,,,,-29.555,False,0.0
2024-12-25 03:30:00,32.196,0.0,33.076,,,,,-32.196,False,0.0
2024-12-25 04:00:00,33.938,0.0,34.791,,,,,-33.938,False,0.0
2024-12-25 04:30:00,26.223,0.0,26.978,,,,,-26.223,False,0.0
2024-12-25 05:00:00,23.557,0.0,24.273,3.067,ENE,SIS,,-23.557,True,0.0
2024-12-25 05:30:00,19.024,0.0,19.667,23.0,ENE,SIS,,-19.024,True,0.0
2024-12-25 06:00:00,13.584,0.0,14.468,23.0,ENE,SIS,,-13.584,True,0.0
2024-12-25 06:30:00,20.704,0.0,21.383,23.0,ENE,SIS,,-20.704,True,0.0
2024-12-25 07:00:00,22.928,0.0,23.579,23.0,ENE,SIS,,-22.928,True,0.0
2024-12-25 07:30:00,22.859,0.0,23.59,20.933,ENE,SIS,,-22.859,True,0.0
2024-12-25 08:00:00,19.043,0.0,19.669,18.933,ENE,SIS,,-19.043,True,0.0
2024-12-25 08:30:00,17.357,0.0,18.005,16.0,ENE,SIS,,-17.357,True,0.0
2024-12-25 09:00:00,15.345,0.0,15.947,14.367,ENE,SIS,,-15.345,True,0.0
2024-12-25 09:30:00,12.186,0.0,12.686,12.0,ENE,SIS,,-12.186,True,0.0
2024-12-25 10:00:00,11.342,0.0,11.871,11.167,ENE,SIS,,-11.342,True,0.0
2024-12-25 10:30:00,10.911,0.0,11.439,11.0,ENE,SIS,,-10.911,True,0.0
2024-12-25 11:00:00,10.903,0.0,11.54,11.0,ENE,SIS,,-10.903,True,0.0
2024-12-25 11:30:00,10.473,0.0,10.946,10.0,ENE,SIS,,-10.473,True,0.0
2024-12-25 12:00:00,9.983,0.0,10.152,10.0,ENE,SIS,,-9.983,True,0.0
2024-12-25 12:30:00,9.52,0.0,9.789,9.1,ENE,SIS,,-9.52,True,0.0
2024-12-25 13:00:00,8.865,0.0,9.251,9.0,ENE,SIS,,-8.865,True,0.0
2024-12-25 13:30:00,8.876,0.0,9.235,9.467,ENE,SIS,,-8.876,True,0.0
2024-12-25 14:00:00,8.505,0.0,9.425,11.3,ENE,SIS,,-8.505,True,0.0
2024-12-25 14:30:00,14.464,0.0,15.013,15.267,ENE,SIS,,-14.464,True,0.0
2024-12-25 15:00:00,15.281,0.0,15.933,17.3,ENE,SIS,,-15.281,True,0.0
2024-12-25 15:30:00,11.526,0.0,12.168,22.6,ENE,SIS,,-11.526,True,0.0
2024-12-25 16:00:00,11.861,0.0,12.488,30.367,ENE,SIS,,-11.861,True,0.0
2024-12-25 16:30:00,15.268,0.0,15.894,39.667,ENE,SIS,,-15.268,True,0.0
2024-12-25 17:00:00,20.949,0.0,21.625,49.9,ENE,SIS,,-20.949,True,0.0
2024-12-25 17:30:00,25.659,0.0,26.337,66.133,ENE,SIS,,-25.659,True,0.0
2024-12-25 18:00:00,31.532,0.0,32.372,63.833,ENE,SIS,,-31.532,True,0.0
2024-12-25 18:30:00,38.8,0.0,39.847,,,,,-38.8,False,0.0
2024-12-25 19:00:00,47.256,0.0,48.412,,,,,-47.256,False,0.0
2024-12-25 19:30:00,53.456,0.0,54.793,,,,,-53.456,False,0.0
2024-12-25 20:00:00,58.724,0.0,60.214,,,,,-58.724,False,0.0
2024-12-25 20:30:00,61.91,0.0,63.585,,,,,-61.91,False,0.0
2024-12-25 21:00:00,64.799,0.0,66.561,,,,,-64.799,False,0.0
2024-12-25 21:30:00,65.693,0.0,67.474,,,,,-65.693,False,0.0
2024-12-25 22:00:00,66.726,0.0,68.483,,,,,-66.726,False,0.0
2024-12-25 22:30:00,68.61,0.0,70.489,,,,,-68.61,False,0.0
2024-12-25 23:00:00,67.088,0.0,68.937,,,,,-67.088,False,0.0
2024-12-25 23:30:00,65.212,0.0,66.929,,,,,-65.212,False,0.0
2024-12-26 00:00:00,66.078,0.0,67.855,,,,,-66.078,False,0.0
2024-12-26 00:30:00,64.633,0.0,66.404,,,,,-64.633,False,0.0
2024-12-26 01:00:00,56.695,0.0,58.138,,,,,-56.695,False,0.0
2024-12-26 01:30:00,52.145,0.0,53.499,,,,,-52.145,False,0.0
2024-12-26 02:00:00,46.426,0.0,47.675,,,,,-46.426,False,0.0
2024-12-26 02:30:00,42.652,0.0,43.946,,,,,-42.652,False,0.0
2024-12-26 03:00:00,41.611,0.0,42.785,,,,,-41.611,False,0.0
2024-12-26 03:30:00,43.761,0.0,44.946,,,,,-43.761,False,0.0
2024-12-26 04:00:00,37.221,0.0,38.198,,,,,-37.221,False,0.0
2024-12-26 04:30:00,27.437,0.0,28.177,,,,,-27.437,False,0.0
2024-12-26 05:00:00,20.059,0.0,20.649,,,,,-20.059,False,0.0
2024-12-26 05:30:00,21.99,0.0,22.632,,,,,-21.99,False,0.0
2024-12-26 06:00:00,22.858,0.0,23.559,,,,,-22.858,False,0.0
2024-12-26 06:30:00,38.145,0.0,39.183,20.5,ENE,SIS,,-38.145,True,0.0
2024-12-26 07:00:00,35.32,0.0,36.25,41.0,ENE,SIS,,-35.32,True,0.0
2024-12-26 07:30:00,32.648,0.0,33.816,41.0,ENE,SIS,,-32.648,True,0.0
2024-12-26 08:00:00,37.537,0.0,38.331,41.0,ENE,SIS,,-37.537,True,0.0
2024-12-26 08:30:00,40.622,0.0,41.607,41.0,ENE,SIS,,-40.622,True,0.0
2024-12-26 09:00:00,41.151,0.0,41.899,41.0,ENE,SIS,,-41.151,True,0.0
2024-12-26 09:30:00,41.066,0.0,41.86,41.0,ENE,SIS,,-41.066,True,0.0
2024-12-26 10:00:00,41.078,0.0,41.949,41.0,ENE,SIS,,-41.078,True,0.0
2024-12-26 10:30:00,41.09,0.0,41.899,41.0,ENE,SIS,,-41.09,True,0.0
2024-12-26 11:00:00,41.106,0.0,41.848,41.0,ENE,SIS,,-41.106,True,0.0
2024-12-26 11:30:00,40.277,0.0,41.136,41.0,ENE,SIS,,-40.277,True,0.0
2024-12-26 12:00:00,39.193,0.0,39.911,41.0,ENE,SIS,,-39.193,True,0.0
2024-12-26 12:30:00,41.589,0.0,42.306,42.2,ENE,SIS,,-41.589,True,0.0
2024-12-26 13:00:00,43.715,0.0,44.758,48.6,ENE,SIS,,-43.715,True,0.0
2024-12-26 13:30:00,42.097,0.0,43.268,54.8,ENE,SIS,,-42.097,True,0.0
2024-12-26 14:00:00,39.157,0.0,40.22,61.6,ENE,SIS,,-39.157,True,0.0
2024-12-26 14:30:00,42.416,0.0,43.693,67.333,ENE,SIS,,-42.416,True,0.0
2024-12-26 15:00:00,46.481,0.0,47.99,80.933,ENE,SIS,,-46.481,True,0.0
2024-12-26 15:30:00,39.769,0.0,41.559,103.333,ENE,SIS,,-39.769,True,0.0
2024-12-26 16:00:00,46.966,0.0,48.951,46.3,ENE,SIS,,-46.966,True,0.0
2024-12-26 16:30:00,46.365,0.0,48.224,,,,,-46.365,False,0.0
2024-12-26 17:00:00,45.148,0.0,47.007,,,,,-45.148,False,0.0
2024-12-26 17:30:00,44.985,0.0,46.765,,,,,-44.985,False,0.0
2024-12-26 18:00:00,50.022,0.0,51.8,,,,,-50.022,False,0.0
2024-12-26 18:30:00,63.341,0.0,64.883,,,,,-63.341,False,0.0
2024-12-26 19:00:00,64.322,0.0,66.517,,,,,-64.322,False,0.0
2024-12-26 19:30:00,65.148,0.0,68.648,,,,,-65.148,False,0.0
2024-12-26 20:00:00,73.31,0.0,74.348,,,,,-73.31,False,0.0
2024-12-26 20:30:00,68.205,0.0,71.193,,,,,-68.205,False,0.0
2024-12-26 21:00:00,67.103,0.0,68.679,,,,,-67.103,False,0.0
2024-12-26 21:30:00,66.867,0.0,69.201,,,,,-66.867,False,0.0
2024-12-26 22:00:00,66.732,0.0,68.962,,,,,-66.732,False,0.0
2024-12-26 22:30:00,73.362,0.0,71.829,,,,,-73.362,False,0.0
2024-12-26 23:00:00,76.114,0.0,78.495,,,,,-76.114,False,0.0
2024-12-26 23:30:00,67.315,0.0,69.492,,,,,-67.315,False,0.0
2024-12-27 00:00:00,63.181,0.0,64.435,,,,,-63.181,False,0.0
2024-12-27 00:30:00,64.362,0.0,65.643,,,,,-64.362,False,0.0
2024-12-27 01:00:00,57.711,0.0,60.683,,,,,-57.711,False,0.0
2024-12-27 01:30:00,56.573,0.0,59.324,,,,,-56.573,False,0.0
2024-12-27 02:00:00,49.463,0.0,53.968,,,,,-49.463,False,0.0
2024-12-27 02:30:00,37.282,0.0,41.944,,,,,-37.282,False,0.0
2024-12-27 03:00:00,26.471,0.0,33.043,,,,,-26.471,False,0.0
2024-12-27 03:30:00,23.101,0.0,29.85,,,,,-23.101,False,0.0
2024-12-27 04:00:00,30.193,0.0,35.64,,,,,-30.193,False,0.0
2024-12-27 04:30:00,31.996,0.0,37.334,,,,,-31.996,False,0.0
2024-12-27 05:00:00,29.786,0.0,35.257,,,,,-29.786,False,0.0
2024-12-27 05:30:00,21.244,0.0,29.749,7.2,ENE,SIS,,-21.244,True,0.0
2024-12-27 06:00:00,19.317,0.0,27.017,17.833,ENE,SIS,,-19.317,True,0.0
2024-12-27 06:30:00,17.695,0.0,24.716,17.0,ENE,SIS,,-17.695,True,0.0
2024-12-27 07:00:00,17.634,0.0,23.643,17.0,ENE,SIS,,-17.634,True,0.0
2024-12-27 07:30:00,16.908,0.0,23.495,17.0,ENE,SIS,,-16.908,True,0.0
2024-12-27 08:00:00,16.884,0.0,19.709,17.0,ENE,SIS,,-16.884,True,0.0
2024-12-27 08:30:00,16.905,0.0,17.834,17.0,ENE,SIS,,-16.905,True,0.0
2024-12-27 09:00:00,16.841,0.0,17.824,17.0,ENE,SIS,,-16.841,True,0.0
2024-12-27 09:30:00,16.849,0.0,17.823,17.0,ENE,SIS,,-16.849,True,0.0
2024-12-27 10:00:00,16.709,0.0,17.875,17.0,ENE,SIS,,-16.709,True,0.0
2024-12-27 10:30:00,16.867,0.0,17.972,17.0,ENE,SIS,,-16.867,True,0.0
2024-12-27 11:00:00,16.923,0.0,18.071,17.0,ENE,SIS,,-16.923,True,0.0
2024-12-27 11:30:00,16.882,0.0,17.458,17.0,ENE,SIS,,-16.882,True,0.0
2024-12-27 12:00:00,16.842,0.0,17.249,17.0,ENE,SIS,,-16.842,True,0.0
2024-12-27 12:30:00,16.557,0.0,17.326,17.0,ENE,SIS,,-16.557,True,0.0
2024-12-27 13:00:00,16.033,0.0,17.197,17.0,ENE,SIS,,-16.033,True,0.0
2024-12-27 13:30:00,16.865,0.0,17.437,17.0,ENE,SIS,,-16.865,True,0.0
2024-12-27 14:00:00,16.923,0.0,17.439,19.667,ENE,SIS,,-16.923,True,0.0
2024-12-27 14:30:00,29.651,0.0,30.168,32.233,ENE,SIS,,-29.651,True,0.0
2024-12-27 15:00:00,43.018,0.0,43.954,44.867,ENE,SIS,,-43.018,True,0.0
2024-12-27 15:30:00,54.79,0.0,55.79,38.2,ENE,SIS,,-54.79,True,0.0
2024-12-27 16:00:00,45.6,0.0,46.472,,,,,-45.6,False,0.0
2024-12-27 16:30:00,56.179,0.0,57.505,,,,,-56.179,False,0.0
2024-12-27 17:00:00,57.672,0.0,59.11,,,,,-57.672,False,0.0
2024-12-27 17:30:00,59.843,0.0,61.384,,,,,-59.843,False,0.0
2024-12-27 18:00:00,59.112,0.0,60.45,,,,,-59.112,False,0.0
2024-12-27 18:30:00,70.705,0.0,72.492,,,,,-70.705,False,0.0
2024-12-27 19:00:00,79.134,0.0,81.091,,,,,-79.134,False,0.0
2024-12-27 19:30:00,79.743,0.0,81.776,,,,,-79.743,False,0.0
2024-12-27 20:00:00,77.608,0.0,79.558,19.8,CNF,LOC,,-77.608,True,0.0
2024-12-27 20:30:00,54.051,0.0,55.337,53.433,CNF,LOC,,-54.051,True,0.0
2024-12-27 21:00:00,53.163,0.0,54.46,53.0,CNF,LOC,,-53.163,True,0.0
2024-12-27 21:30:00,53.237,0.0,54.43,53.0,CNF,LOC,,-53.237,True,0.0
2024-12-27 22:00:00,62.015,0.0,63.502,63.267,CNF,LOC,,-62.015,True,0.0
2024-12-27 22:30:00,67.21,0.0,68.86,67.0,CNF,LOC,,-67.21,True,0.0
2024-12-27 23:00:00,67.135,0.0,68.784,67.0,CNF,LOC,,-67.135,True,0.0
2024-12-27 23:30:00,67.182,0.0,68.819,67.0,CNF,LOC,,-67.182,True,0.0
2024-12-28 00:00:00,69.144,0.0,71.1,42.433,CNF,LOC,,-69.144,True,0.0
2024-12-28 00:30:00,81.31,0.0,83.609,,,,,-81.31,False,0.0
2024-12-28 01:00:00,75.849,0.0,78.059,,,,,-75.849,False,0.0
2024-12-28 01:30:00,73.769,0.0,75.989,,,,,-73.769,False,0.0
2024-12-28 02:00:00,70.968,0.0,73.117,,,,,-70.968,False,0.0
2024-12-28 02:30:00,58.784,0.0,60.449,,,,,-58.784,False,0.0
2024-12-28 03:00:00,64.946,0.0,66.816,,,,,-64.946,False,0.0
2024-12-28 03:30:00,60.126,0.0,61.873,,,,,-60.126,False,0.0
2024-12-28 04:00:00,58.132,0.0,59.867,,,,,-58.132,False,0.0
2024-12-28 04:30:00,55.146,0.0,56.792,,,,,-55.146,False,0.0
2024-12-28 05:00:00,55.409,0.0,56.897,,,,,-55.409,False,0.0
2024-12-28 05:30:00,57.844,0.0,59.272,30.933,ENE,SIS,,-57.844,True,0.0
2024-12-28 06:00:00,46.866,0.0,48.081,51.467,ENE,SIS,,-46.866,True,0.0
2024-12-28 06:30:00,44.14,0.0,45.195,44.0,ENE,SIS,,-44.14,True,0.0
2024-12-28 07:00:00,36.159,0.0,37.198,34.933,REL,SIS,,-36.159,True,0.0
2024-12-28 07:30:00,33.678,0.0,34.78,34.533,REL,SIS,,-33.678,True,0.0
2024-12-28 08:00:00,35.581,0.0,36.652,34.567,ENE,SIS,,-35.581,True,0.0
2024-12-28 08:30:00,31.647,0.0,32.582,31.533,ENE,SIS,,-31.647,True,0.0
2024-12-28 09:00:00,27.796,0.0,28.592,27.5,ENE,SIS,,-27.796,True,0.0
2024-12-28 09:30:00,23.298,0.0,24.095,23.2,ENE,SIS,,-23.298,True,0.0
2024-12-28 10:00:00,22.88,0.0,23.662,23.0,ENE,SIS,,-22.88,True,0.0
2024-12-28 10:30:00,22.845,0.0,23.588,23.0,ENE,SIS,,-22.845,True,0.0
2024-12-28 11:00:00,22.83,0.0,22.677,23.0,ENE,SIS,,-22.83,True,0.0
2024-12-28 11:30:00,22.865,0.0,23.573,23.0,ENE,SIS,,-22.865,True,0.0
2024-12-28 12:00:00,22.898,0.0,20.392,23.0,ENE,SIS,,-22.898,True,0.0
2024-12-28 12:30:00,22.844,0.0,15.88,23.0,ENE,SIS,,-22.844,True,0.0
2024-12-28 13:00:00,23.002,0.0,14.77,23.6,ENE,SIS,,-23.002,True,0.0
2024-12-28 13:30:00,25.598,0.0,14.906,26.467,ENE,SIS,,-25.598,True,0.0
2024-12-28 14:00:00,35.201,0.0,22.337,36.333,ENE,SIS,,-35.201,True,0.0
2024-12-28 14:30:00,46.024,0.0,35.104,46.5,ENE,SIS,,-46.024,True,0.0
2024-12-28 15:00:00,53.406,0.0,55.03,53.4,ENE,SIS,,-53.406,True,0.0
2024-12-28 15:30:00,55.8,0.0,57.384,56.167,ENE,SIS,,-55.8,True,0.0
2024-12-28 16:00:00,65.511,0.0,67.288,66.167,ENE,SIS,,-65.511,True,0.0
2024-12-28 16:30:00,46.237,0.0,47.634,35.967,ENE,SIS,,-46.237,True,0.0
2024-12-28 17:00:00,12.492,0.0,13.033,,,,,-12.492,False,0.0
2024-12-28 17:30:00,12.487,0.0,13.07,,,,,-12.487,False,0.0
2024-12-28 18:00:00,12.474,0.0,13.256,,,,,-12.474,False,0.0
2024-12-28 18:30:00,12.48,0.0,13.339,,,,,-12.48,False,0.0
2024-12-28 19:00:00,12.488,0.0,13.402,,,,,-12.488,False,0.0
2024-12-28 19:30:00,46.729,0.0,48.193,,,,,-46.729,False,0.0
2024-12-28 20:00:00,83.543,0.0,86.095,,,,,-83.543,False,0.0
2024-12-28 20:30:00,85.934,0.0,88.347,,,,,-85.934,False,0.0
2024-12-28 21:00:00,84.672,0.0,87.246,,,,,-84.672,False,0.0
2024-12-28 21:30:00,71.45,0.0,73.473,55.0,CNF,LOC,,-71.45,True,0.0
2024-12-28 22:00:00,66.143,0.0,68.059,66.0,CNF,LOC,,-66.143,True,0.0
2024-12-28 22:30:00,66.216,0.0,68.065,66.0,CNF,LOC,,-66.216,True,0.0
2024-12-28 23:00:00,66.169,0.0,68.052,66.0,CNF,LOC,,-66.169,True,0.0
2024-12-28 23:30:00,66.202,0.0,68.112,59.4,CNF,LOC,,-66.202,True,0.0
2024-12-29 00:00:00,66.192,0.0,68.08,,,,,-66.192,False,0.0
2024-12-29 00:30:00,66.208,0.0,68.067,,,,,-66.208,False,0.0
2024-12-29 01:00:00,66.076,0.0,68.053,,,,,-66.076,False,0.0
2024-12-29 01:30:00,65.547,0.0,67.542,,,,,-65.547,False,0.0
2024-12-29 02:00:00,58.85,0.0,60.635,,,,,-58.85,False,0.0
2024-12-29 02:30:00,52.378,0.0,53.97,,,,,-52.378,False,0.0
2024-12-29 03:00:00,40.89,0.0,42.32,,,,,-40.89,False,0.0
2024-12-29 03:30:00,30.632,0.0,31.983,,,,,-30.632,False,0.0
2024-12-29 04:00:00,25.17,0.0,26.391,,,,,-25.17,False,0.0
2024-12-29 04:30:00,23.824,0.0,25.034,,,,,-23.824,False,0.0
2024-12-29 05:00:00,37.181,0.0,38.509,,,,,-37.181,False,0.0
2024-12-29 05:30:00,36.149,0.0,37.371,,,,,-36.149,False,0.0
2024-12-29 06:00:00,29.833,0.0,31.139,,,,,-29.833,False,0.0
2024-12-29 06:30:00,26.78,0.0,27.835,26.4,ENE,SIS,,-26.78,True,0.0
2024-12-29 07:00:00,25.918,0.0,26.996,26.0,ENE,SIS,,-25.918,True,0.0
2024-12-29 07:30:00,25.191,0.0,26.133,25.167,ENE,SIS,,-25.191,True,0.0
2024-12-29 08:00:00,22.894,0.0,23.83,22.533,ENE,SIS,,-22.894,True,0.0
2024-12-29 08:30:00,19.244,0.0,20.204,18.767,ENE,SIS,,-19.244,True,0.0
2024-12-29 09:00:00,15.535,0.0,16.402,15.5,ENE,SIS,,-15.535,True,0.0
2024-12-29 09:30:00,12.875,0.0,13.747,13.0,ENE,SIS,,-12.875,True,0.0
2024-12-29 10:00:00,10.645,0.0,11.543,10.4,ENE,SIS,,-10.645,True,0.0
2024-12-29 10:30:00,10.061,0.0,10.852,10.0,ENE,SIS,,-10.061,True,0.0
2024-12-29 11:00:00,9.775,0.0,10.72,10.0,ENE,SIS,,-9.775,True,0.0
2024-12-29 11:30:00,10.511,0.0,11.14,10.533,ENE,SIS,,-10.511,True,0.0
2024-12-29 12:00:00,11.764,0.0,12.342,11.9,ENE,SIS,,-11.764,True,0.0
2024-12-29 12:30:00,11.894,0.0,12.474,12.0,ENE,SIS,,-11.894,True,0.0
2024-12-29 13:00:00,13.103,0.0,13.674,13.467,ENE,SIS,,-13.103,True,0.0
2024-12-29 13:30:00,16.402,0.0,17.023,16.867,ENE,SIS,,-16.402,True,0.0
2024-12-29 14:00:00,19.641,0.0,20.328,20.1,ENE,SIS,,-19.641,True,0.0
2024-12-29 14:30:00,25.324,0.0,26.098,26.0,ENE,SIS,,-25.324,True,0.0
2024-12-29 15:00:00,26.938,0.0,27.748,27.5,ENE,SIS,,-26.938,True,0.0
2024-12-29 15:30:00,32.924,0.0,33.802,33.667,ENE,SIS,,-32.924,True,0.0
2024-12-29 16:00:00,44.693,0.0,45.824,45.8,ENE,SIS,,-44.693,True,0.0
2024-12-29 16:30:00,52.557,0.0,53.868,55.8,ENE,SIS,,-52.557,True,0.0
2024-12-29 17:00:00,49.589,0.0,50.977,69.0,ENE,SIS,,-49.589,True,0.0
2024-12-29 17:30:00,62.556,0.0,64.106,83.9,ENE,SIS,,-62.556,True,0.0
2024-12-29 18:00:00,55.227,0.0,56.806,63.167,ENE,SIS,,-55.227,True,0.0
2024-12-29 18:30:00,16.322,0.0,16.724,,,,,-16.322,False,0.0
2024-12-29 19:00:00,76.841,0.0,78.753,,,,,-76.841,False,0.0
2024-12-29 19:30:00,83.591,0.0,85.753,,,,,-83.591,False,0.0
2024-12-29 20:00:00,86.625,0.0,88.936,,,,,-86.625,False,0.0
2024-12-29 20:30:00,87.824,0.0,90.229,,,,,-87.824,False,0.0
2024-12-29 21:00:00,87.478,0.0,89.841,,,,,-87.478,False,0.0
2024-12-29 21:30:00,85.544,0.0,87.902,,,,,-85.544,False,0.0
2024-12-29 22:00:00,84.896,0.0,87.164,,,,,-84.896,False,0.0
2024-12-29 22:30:00,85.738,0.0,87.981,,,,,-85.738,False,0.0
2024-12-29 23:00:00,81.751,0.0,83.899,,,,,-81.751,False,0.0
2024-12-29 23:30:00,77.071,0.0,79.075,,,,,-77.071,False,0.0
2024-12-30 00:00:00,72.369,0.0,74.307,,,,,-72.369,False,0.0
2024-12-30 00:30:00,70.107,0.0,71.879,,,,,-70.107,False,0.0
2024-12-30 01:00:00,71.949,0.0,73.804,,,,,-71.949,False,0.0
2024-12-30 01:30:00,65.15,0.0,66.826,,,,,-65.15,False,0.0
2024-12-30 02:00:00,49.336,0.0,50.646,,,,,-49.336,False,0.0
2024-12-30 02:30:00,47.343,0.0,48.567,,,,,-47.343,False,0.0
2024-12-30 03:00:00,47.31,0.0,48.528,,,,,-47.31,False,0.0
2024-12-30 03:30:00,35.934,0.0,36.876,,,,,-35.934,False,0.0
2024-12-30 04:00:00,36.101,0.0,37.037,,,,,-36.101,False,0.0
2024-12-30 04:30:00,39.685,0.0,40.733,,,,,-39.685,False,0.0
2024-12-30 05:00:00,33.367,0.0,34.327,,,,,-33.367,False,0.0
2024-12-30 05:30:00,32.448,0.0,33.387,,,,,-32.448,False,0.0
2024-12-30 06:00:00,40.204,0.0,41.339,,,,,-40.204,False,0.0
2024-12-30 06:30:00,38.447,0.0,39.479,29.0,ENE,SIS,,-38.447,True,0.0
2024-12-30 07:00:00,35.22,0.0,36.132,35.0,ENE,SIS,,-35.22,True,0.0
2024-12-30 07:30:00,34.991,0.0,35.929,35.0,ENE,SIS,,-34.991,True,0.0
2024-12-30 08:00:00,34.963,0.0,35.895,35.0,ENE,SIS,,-34.963,True,0.0
2024-12-30 08:30:00,34.958,0.0,35.9,35.0,ENE,SIS,,-34.958,True,0.0
2024-12-30 09:00:00,35.013,0.0,35.868,35.0,ENE,SIS,,-35.013,True,0.0
2024-12-30 09:30:00,34.95,0.0,35.857,35.0,ENE,SIS,,-34.95,True,0.0
2024-12-30 10:00:00,32.811,0.0,33.71,32.5,ENE,SIS,,-32.811,True,0.0
2024-12-30 10:30:00,31.935,0.0,32.74,32.0,ENE,SIS,,-31.935,True,0.0
2024-12-30 11:00:00,31.939,0.0,32.77,32.0,ENE,SIS,,-31.939,True,0.0
2024-12-30 11:30:00,31.91,0.0,32.797,32.0,ENE,SIS,,-31.91,True,0.0
2024-12-30 12:00:00,31.938,0.0,32.78,32.0,ENE,SIS,,-31.938,True,0.0
2024-12-30 12:30:00,31.931,0.0,32.784,32.267,ENE,SIS,,-31.931,True,0.0
2024-12-30 13:00:00,38.513,0.0,39.505,39.5,ENE,SIS,,-38.513,True,0.0
2024-12-30 13:30:00,46.078,0.0,47.236,46.0,ENE,SIS,,-46.078,True,0.0
2024-12-30 14:00:00,46.066,0.0,47.276,46.0,ENE,SIS,,-46.066,True,0.0
2024-12-30 14:30:00,46.08,0.0,47.483,46.0,ENE,SIS,,-46.08,True,0.0
2024-12-30 15:00:00,46.083,0.0,47.465,46.0,ENE,SIS,,-46.083,True,0.0
2024-12-30 15:30:00,46.11,0.0,47.37,46.0,ENE,SIS,,-46.11,True,0.0
2024-12-30 16:00:00,46.136,0.0,47.25,46.0,ENE,SIS,,-46.136,True,0.0
2024-12-30 16:30:00,47.083,0.0,48.228,47.9,ENE,SIS,,-47.083,True,0.0
2024-12-30 17:00:00,51.097,0.0,52.264,51.4,ENE,SIS,,-51.097,True,0.0
2024-12-30 17:30:00,55.117,0.0,56.498,57.633,ENE,SIS,,-55.117,True,0.0
2024-12-30 18:00:00,63.449,0.0,64.957,64.033,ENE,SIS,,-63.449,True,0.0
2024-12-30 18:30:00,70.47,0.0,72.187,71.067,ENE,SIS,,-70.47,True,0.0
2024-12-30 19:00:00,77.676,0.0,79.646,78.4,ENE,SIS,,-77.676,True,0.0
2024-12-30 19:30:00,81.063,0.0,83.139,81.2,ENE,SIS,,-81.063,True,0.0
2024-12-30 20:00:00,88.227,0.0,90.566,89.2,ENE,SIS,,-88.227,True,0.0
2024-12-30 20:30:00,90.15,0.0,92.587,96.5,ENE,SIS,,-90.15,True,0.0
2024-12-30 21:00:00,89.66,0.0,92.036,55.867,ENE,SIS,,-89.66,True,0.0
2024-12-30 21:30:00,90.295,0.0,92.824,,,,,-90.295,False,0.0
2024-12-30 22:00:00,89.757,0.0,92.202,,,,,-89.757,False,0.0
2024-12-30 22:30:00,88.623,0.0,91.027,,,,,-88.623,False,0.0
2024-12-30 23:00:00,85.409,0.0,87.629,,,,,-85.409,False,0.0
2024-12-30 23:30:00,79.774,0.0,81.839,,,,,-79.774,False,0.0
2024-12-31 00:00:00,68.184,0.0,69.975,,,,,-68.184,False,0.0
2024-12-31 00:30:00,61.673,0.0,63.25,,,,,-61.673,False,0.0
2024-12-31 01:00:00,69.215,0.0,70.95,,,,,-69.215,False,0.0
2024-12-31 01:30:00,68.458,0.0,70.268,,,,,-68.458,False,0.0
2024-12-31 02:00:00,67.447,0.0,69.1,,,,,-67.447,False,0.0
2024-12-31 02:30:00,60.598,0.0,62.17,,,,,-60.598,False,0.0
2024-12-31 03:00:00,55.71,0.0,57.157,,,,,-55.71,False,0.0
2024-12-31 03:30:00,46.755,0.0,48.01,,,,,-46.755,False,0.0
2024-12-31 04:00:00,46.157,0.0,47.234,,,,,-46.157,False,0.0
2024-12-31 04:30:00,41.714,0.0,42.87,,,,,-41.714,False,0.0
2024-12-31 05:00:00,28.992,0.0,29.823,,,,,-28.992,False,0.0
2024-12-31 05:30:00,19.695,0.0,20.403,,,,,-19.695,False,0.0
2024-12-31 06:00:00,22.624,0.0,23.443,,,,,-22.624,False,0.0
2024-12-31 06:30:00,30.006,0.0,30.889,,,,,-30.006,False,0.0
2024-12-31 07:00:00,43.858,0.0,45.039,,,,,-43.858,False,0.0
2024-12-31 07:30:00,53.22,0.0,54.89,9.0,ENE,SIS,,-53.22,True,0.0
2024-12-31 08:00:00,49.176,0.0,50.657,49.333,ENE,SIS,,-49.176,True,0.0
2024-12-31 08:30:00,47.072,0.0,48.257,47.0,ENE,SIS,,-47.072,True,0.0
2024-12-31 09:00:00,45.639,0.0,46.792,45.4,ENE,SIS,,-45.639,True,0.0
2024-12-31 09:30:00,43.434,0.0,44.513,42.9,ENE,SIS,,-43.434,True,0.0
2024-12-31 10:00:00,41.049,0.0,42.144,40.867,ENE,SIS,,-41.049,True,0.0
2024-12-31 10:30:00,37.081,0.0,38.013,37.0,ENE,SIS,,-37.081,True,0.0
2024-12-31 11:00:00,37.006,0.0,37.962,37.0,ENE,SIS,,-37.006,True,0.0
2024-12-31 11:30:00,37.019,0.0,37.932,37.0,ENE,SIS,,-37.019,True,0.0
2024-12-31 12:00:00,36.979,0.0,37.943,37.0,ENE,SIS,,-36.979,True,0.0
2024-12-31 12:30:00,37.948,0.0,38.899,38.633,ENE,SIS,,-37.948,True,0.0
2024-12-31 13:00:00,44.178,0.0,45.309,45.6,ENE,SIS,,-44.178,True,0.0
2024-12-31 13:30:00,46.836,0.0,48.015,62.767,ENE,SIS,,-46.836,True,0.0
2024-12-31 14:00:00,46.126,0.0,47.348,78.0,ENE,SIS,,-46.126,True,0.0
2024-12-31 14:30:00,46.421,0.0,47.596,52.1,ENE,SIS,,-46.421,True,0.0
2024-12-31 15:00:00,41.759,0.0,42.5,,,,,-41.759,False,0.0
2024-12-31 15:30:00,38.865,0.0,39.718,,,,,-38.865,False,0.0
2024-12-31 16:00:00,45.781,0.0,46.71,,,,,-45.781,False,0.0
2024-12-31 16:30:00,36.726,0.0,37.468,,,,,-36.726,False,0.0
2024-12-31 17:00:00,37.26,0.0,38.025,,,,,-37.26,False,0.0
2024-12-31 17:30:00,39.199,0.0,39.945,,,,,-39.199,False,0.0
2024-12-31 18:00:00,40.16,0.0,41.033,,,,,-40.16,False,0.0
2024-12-31 18:30:00,36.654,0.0,37.368,,,,,-36.654,False,0.0
2024-12-31 19:00:00,51.48,0.0,52.473,,,,,-51.48,False,0.0
2024-12-31 19:30:00,72.199,0.0,73.755,,,,,-72.199,False,0.0
2024-12-31 20:00:00,81.368,0.0,83.161,,,,,-81.368,False,0.0
2024-12-31 20:30:00,88.012,0.0,90.037,,,,,-88.012,False,0.0
2024-12-31 21:00:00,90.06,0.0,92.194,,,,,-90.06,False,0.0
2024-12-31 21:30:00,91.512,0.0,93.702,,,,,-91.512,False,0.0
2024-12-31 22:00:00,93.639,0.0,96.017,,,,,-93.639,False,0.0
2024-12-31 22:30:00,93.172,0.0,95.504,,,,,-93.172,False,0.0
2024-12-31 23:00:00,94.038,0.0,96.322,,,,,-94.038,False,0.0
2024-12-31 23:30:00,93.819,0.0,96.104,,,,,-93.819,False,0.0
